ID,Name,Age,100s,50s,6s,Balls,Balls Faced,Bat_Average,Bowl_Strike_rate,Economy_Rate,Innings,Maidens,Overs,Runs,Wickets
1747,Richard A Austin,7,40,0,0,163,13,8,63.28718619,13,15,3,185.76,20,54
1748,Angelo Kanishka Perera,29,63,0,0,130,21,4,36.37718619,5.5,167,53,131.86,28,204
1749,Vikram R Singh,34,27,0,0,18960,13,8,35.62718619,8.75,246,205,130.16,217,373
1750,David S Steele,77,24,0,0,18261,12,8,65.45718619,9,316,256,,263,248
1751,Alam Talukdar,50,40,0,0,12699,16,10.52,68.95718619,5.14,5,165,196.96,150,186
1752,Fazl-E-Akbar,38,84,0,0,15853,8,7,49.20718619,4,8,299,157.66,289,396
1753,Vincent R Hogg,66,43,0,0,17758,19,10.52,,3.27,3,82,145.66,102,124
1754,Muthumudalige Pushpakumara,37,87,0,0,15760,19,10.52,60.20718619,4.2,100,325,179.66,327,362
1755,E H Shadeep N Silva,40,69,0,0,13045,13,7,48.28718619,4.71,50,298,155.76,282,553
1756,Fahim Muntasir,38,72,0,0,11284,17,3,55.20718619,3.94,351,182,169.66,149,400
1757,Marcus J North,39,63,0,0,14679,19,3,41.70718619,5.33,286,143,142.66,114,126
1758,Damien Apa Ravu,24,12,0,0,15024,22,2,69.78718619,5.64,218,94,198.76,61,122
1759,Maqsood Rana,46,141,0,0,10423,13,5,44.45718619,5.5,195,119,147.96,119,282
1760,Donald J Pringle,4,44,0,0,11935,15,2.5,59.70718619,3.67,220,151,178.66,147,373
1761,Lallit Narayan Rajbanshi,20,34,0,0,14169,20,10.52,49.28718619,4.71,102,104,157.76,101,382
1762,Tanbir Hayder,27,74,0,0,10814,16,2.5,56.70718619,6.7,270,115,172.66,136,266
1763,Marlon I Black,43,92,0,0,9532,14,2,,5.16,289,124,141.66,117,356
1764,Paul J Franks,40,87,0,0,8957,17,4,36.20718619,5.33,224,90,131.66,66,147
1765,Christopher H Lonsdale,31,126,0,0,10206,26,4,33.95718619,9.5,364,145,126.96,117,152
1766,Gyanendrakumar K Pandey,46,36,0,0,10940,11,4,51.37718619,4.62,225,101,161.86,98,182
1767,Patrick I Pocock,72,86,0,0,8664,9,4,48.70718619,2,126,141,156.66,107,295
1768,Samiur Rahman,65,38,0,0,11060,7,2,39.20718619,3,298,152,137.66,111,350
1769,Glenn S Trimble,56,137,0,0,12668,5,4,61.87718619,8,330,100,182.86,96,257
1770,Jayawardene W H D Boteju,41,47,0,0,9636,11,3,47.70718619,6.65,132,148,154.66,140,231
1771,Mazharul Haque,38,127,0,0,8724,18,3,57.03718619,6,,173,168.66,149,340
1772,Carl T Mumba,23,96,0,0,10424,7,3,35.03718619,6.48,187,148,129.06,130,204
1773,Pankaj Singh,33,13,0,0,11370,3,10.52,44.62718619,6.43,329,288,148.16,260,314
1774,Jitendra M Patel,73,56,0,0,9966,23,1,54.70718619,3.1,288,125,168.66,100,103
1775,Aftabodeen Shamsuden,41,8,0,0,7794,28,3,51.20718619,8,,121,161.66,113,148
1776,Usman Mushtaq,31,125,0,0,8412,7,3,30.95718619,4.5,,141,120.96,154,164
1777,Cornelius J P G Van Zyl,57,127,0,0,9556,11,3,40.95718619,5.17,222,153,140.96,128,335
1778,Zakiullah Zaki,28,0,0,0,7573,22,10.52,32.62718619,6.75,137,110,124.16,100,244
1779,Ahmed Shah,35,98,0,0,8665,10,2,52.70718619,12,207,131,164.66,137,192
1780,Anisur Rehman,48,44,0,0,10868,11,1,35.20718619,8.5,317,222,120.86,213,432
1781,Walter J Edwards,69,81,0,0,9541,14,2,17.87718619,0,392,234,94.86,215,431
1782,Hussain Talat,23,117,0,0,8090,14,2,,8,211,111,141.16,90,175
1783,Irfan Sajid,36,81,0,0,10725,5,2,65.52718619,4.6,317,136,179.66,82,348
1784,Nadeem Khan,49,87,0,0,7536,3,2,31.79718619,5.06,332,124,117.76,120,346
1785,Ajith P Weerakkody,48,119,0,0,8352,4,2,42.61718619,6.83,294,139,137.66,103,353
1786,Siddarth Kaul,28,43,0,0,6704,3,0.5,101.1571862,6.63,269,61,244.86,44,335
1787,Graeme J McCarter,26,127,0,0,8441,1,10.52,50.97718619,4.75,154,132,152.86,109,216
1788,Mohsin Mulla,37,49,0,0,8166,11,1,69.34718619,6.4,260,132,186.66,87,126
1789,Kalpesh A  Patel,33,125,0,0,8911,4,1,44.25718619,6.8,183,96,140.66,59,295
1790,Yodhin Punja,19,125,0,0,6309,6,1,44.43718619,8.17,193,99,140.86,86,263
1791,Stuart J Roberts,53,33,0,0,9659,2,10.52,47.88718619,6.71,57,104,147.06,78,279
1792,Kelaniyage J Silva,45,22,0,0,7477,1,10.52,32.79718619,6.88,83,79,119.66,56,117
1793,Jonathan P Taylor,54,121,0,0,5847,8,1,31.70718619,6.67,164,106,117.66,62,227
1794,Leslie B Taylor,65,137,0,0,6652,6,10.52,57.34718619,3.36,258,88,164.66,64,234
1795,Franklyn S Ahangama,59,114,0,0,6967,0,10.52,126.1571862,7.67,257,103,290.76,90,229
1796,Mohammad Aman Ali,29,123,0,0,6056,2,0,40.43718619,11,110,70,133.66,78,344
1797,Anwar Hossain Monir,37,64,0,0,,8,10.52,42.52718619,5.63,288,159,137.16,150,360
1798,Ariful Haque,26,99,0,0,8198,0,10.52,37.15718619,5.67,150,124,127.66,106,325
1799,Ashfaq Ahmed,45,67,0,0,6142,0,10.52,55.70718619,4.94,259,90,161.66,87,317
1800,Donovan L Blake,57,18,0,0,6152,2,0,46.70718619,7,74,94,144.96,69,348
1801,Tertius Bosch,14,28,0,0,5846,0,10.52,46.43718619,7.76,256,112,139.66,100,111
1802,Samuel A Britton,31,92,0,0,7085,0,10.52,41.70718619,6.17,20,118,130.66,106,357
1803,James Cameron-Dow,28,115,0,0,5899,0,10.52,38.25718619,9,124,91,,70,165
1804,Kyle Christie,25,140,0,0,7517,3,0,43.06718619,18,130,75,,52,342
1805,David J Colley,71,39,0,0,5725,0,10.52,40.97718619,6.55,166,115,134.66,94,322
1806,Alan N Connolly,79,3,0,0,6553,0,10.52,47.34718619,5.81,195,80,140.66,41,47
1807,Nikhil Dutta,24,66,0,0,7389,0,10.52,39.61718619,5.17,206,57,131.96,59,54
1808,Fazle Mahmud,31,75,0,0,5262,9,0,40.43718619,5.33,172,73,133.66,38,204
1809,Asitha Madusanka Fernando,21,45,0,0,7562,0,10.52,40.97718619,11,205,79,134.66,74,218
1810,Frederick R M D Goonatillake,67,52,0,0,6293,0,10.52,38.25718619,3.78,50,202,129.66,204,320
1811,Ishtiaq Muhammad,26,115,0,0,6530,0,10.52,42.06718619,8,171,133,136.66,100,355
1812,Paskuwal Handi Tharindu Kaushal,25,111,0,0,7287,1,0,36.06718619,4.17,176,164,125.66,151,248
1813,John C Kent,39,144,0,0,5920,0,10.52,36.25718619,7.13,72,67,125.86,82,316
1814,Vivian J Kingma,24,80,0,0,8025,0,10.52,28.70718619,5.5,257,90,111.96,61,99
1815,Alexander G R Loudon,38,46,0,0,5652,0,0,32.43718619,6,229,75,118.86,48,107
1816,Angus J Mackay,51,85,0,0,8057,0,10.52,52.43718619,6.23,132,68,155.66,44,106
1817,Mohammed Siraj,24,132,0,0,4881,0,10.52,40.60718619,7.6,223,61,127.16,50,167
1818,Naeem Ahmed,66,111,0,0,4269,8,10.52,,4.3,202,90,127.66,54,70
1819,Najaf Shah,34,44,0,0,6326,2,0,68.30718619,5.9,199,66,173.66,27,113
1820,Abhishek M Nayar,35,50,0,0,6029,7,10.52,54.50718619,5.67,210,77,150.66,44,156
1821,Craig Overton,24,140,0,0,4488,0,10.52,34.30718619,7.86,327,90,116.86,101,115
1822,Michael B Owens,49,17,0,0,4392,3,0,53.30718619,4.63,301,92,148.66,71,233
1823,Mangesh Panchel,45,129,0,0,5430,0,10.52,35.60718619,2,324,201,118.96,155,416
1824,Nelon T Pascal,31,87,0,0,5730,1,0,46.10718619,7.25,215,90,136.66,83,195
1825,Rashid G M Patel,54,148,0,0,,0,10.52,42.60718619,5.8,183,130,130.76,117,391
1826,Kahawalage G Perera,54,95,0,0,3831,0,10.52,,7.5,192,78,126.16,63,99
1827,Emmanuel B Ringera,25,115,0,0,5199,0,10.52,38.30718619,2.8,292,139,123.66,,268
1828,Rizwan Ahmed,40,99,0,0,5655,0,10.52,65.90718619,6.5,338,127,169.66,101,348
1829,Saeed-Al-Saffar,50,89,0,0,6123,0,10.52,40.70718619,8.33,236,176,127.66,157,186
1830,Salman Farooq,37,103,0,0,7090,0,10.52,28.70718619,3.83,178,42,107.66,53,332
1831,Samiullah Khan,36,23,0,0,7587,0,10.52,40.60718619,5.75,87,91,127.16,52,190
1832,Karn V Sharma,31,120,0,0,6216,0,10.52,26.90718619,6.58,70,83,104.66,51,204
1833,Mclaren Smith,27,112,0,0,4782,0,10.52,46.60718619,7,155,75,137.16,53,60
1834,Ewen P Thompson,39,47,0,0,4729,0,10.52,51.60718619,10.5,225,70,145.76,77,85
1835,Isuru Udana Tillakaratna,31,142,0,0,6106,0,10.52,31.70718619,7,60,51,112.66,33,233
1836,Wahidul Gani,60,75,0,0,8747,0,10.52,46.10718619,5.33,87,65,136.66,71,330
1837,Michael Watkinson,57,124,0,0,5173,0,10.52,52.90718619,4.78,183,109,147.86,54,78
1838,Zakir Hasan,46,69,0,0,5660,1,0,50.30718619,5.83,254,130,143.66,79,144
1839,Kumar C Sangakkara,41,132,93,87,6639,18049,41.99,44.00718619,10,283,81,132.96,79,214
1840,Adam C Gilchrist,47,80,55,149,4274,9922,35.89,28.10718619,10.68,48,52,106.66,33,272
1841,Herschelle Herman Gibbs,45,89,37,128,4509,9721,36.13,51.50718619,7.25,165,42,145.66,63,235
1842,Eoin J G Morgan,32,33,43,182,4684,7592,39.16,41.90718619,12.68,205,106,129.66,52,329
1843,Brendon B McCullum,37,69,32,200,6521,6312,30.42,22.60718619,8.36,190,108,97.16,67,277
1844,Mushfiqur Rahim,30,44,32,73,6297,6930,34.43,37.00718619,7.01,165,89,121.16,70,160
1845,Shikhar Dhawan,33,52,27,63,4477,5540,44.64,45.70718619,7.01,100,59,128.66,42,125
1846,Mark V Boucher,42,116,26,83,4387,5528,28.57,46.37718619,3.25,209,59,129.66,65,292
1847,Alec J Stewart,55,29,28,26,4450,6841,31.6,67.14718619,1.96,112,47,160.76,43,79
1848,Quinton de Kock,26,127,18,62,4837,4482,44.26,40.26718619,5.36,221,69,120.16,49,296
1849,Romesh S Kaluwitharana,49,108,23,17,2879,4776,22.22,48.37718619,10.68,112,68,130.66,38,317
1850,Nicholas V Knight,49,121,25,21,5732,5084,40.41,57.92718619,8.964,218,62,146.86,44,275
1851,Lokuge Dinesh Chandimal,29,111,22,39,4505,4855,32.42,70.37718619,9.56,190,108,165.66,60,231
1852,Hendrik H Dippenaar,41,28,26,16,3990,5047,42.23,30.37718619,17.38,150,34,105.66,42,193
1853,Joseph C Buttler,28,52,18,106,4040,2862,40.81,28.37718619,16.78,187,46,102.66,52,297
1854,Adam C Parore,48,38,14,36,3771,4867,25.69,61.48718619,,169,40,152.06,28,171
1855,Moin Khan,47,27,12,61,5201,4017,23,61.03718619,,241,72,151.66,46,153
1856,Kamran Akmal,37,65,10,37,5821,3855,26.1,34.37718619,,154,138,111.66,128,270
1857,Bradley James Haddin,41,142,16,71,3869,3706,31.54,56.26718619,9.756,36,88,144.16,34,164
1858,Umar Akmal,28,85,20,50,5480,3542,34.59,37.70718619,19.785,234,49,116.66,58,133
1859,David A Miller,29,49,12,81,5229,2782,38.26,30.48718619,0.3654,219,70,105.76,66,213
1860,Mohammad Kaif,38,109,17,9,4574,3823,32.01,51.37718619,4.65,210,96,136.96,91,333
1861,Jason Jonathan Roy,28,28,12,44,4938,2522,38.57,,,230,112,,90,325
1862,Edmund Christopher Joyce,40,63,15,25,4077,3630,38,68.48718619,,93,68,,56,79
1863,Niall John O'Brien,37,124,18,30,6386,3638,28.05,69.70718619,,163,94,164.66,94,332
1864,Mohammad Shahzad,31,131,13,53,4138,2879,34.47,38.37718619,,97,73,117.66,47,184
1865,Shaun Edward Marsh,35,37,13,33,5133,3097,42.27,57.70718619,,223,65,146.66,40,249
1866,Babar Azam,24,9,10,23,5192,2908,51.29,53.14718619,,146,51,139.76,30,172
1867,Imrul Kayes,32,70,16,37,4995,3423,32.03,37.37718619,9.756,153,59,115.96,71,318
1868,Alexander D Hales,30,85,14,50,3591,2527,37.8,45.03718619,5.14,92,75,127.66,31,146
1869,Robin A Smith,55,130,15,22,4388,3473,39.02,43.70718619,5.52,108,97,125.66,84,164
1870,Thomas William Maxwell Latham,26,82,14,33,3065,2880,33.73,38.37718619,,172,57,117.66,51,71
1871,Graeme M Wood,62,117,11,4,4409,3725,33.62,37.03718619,,182,44,115.66,51,271
1872,Shahriar Nafees,33,10,13,7,5815,3188,31.44,51.70718619,,129,103,137.66,65,72
1873,Denesh Ramdin,33,76,8,31,4360,2738,25,35.59718619,,153,83,113.16,64,289
1874,Craig Richard Ervine,33,108,12,28,4354,2943,31.09,38.26718619,,245,99,117.16,80,129
1875,Jonathan M Bairstow,29,64,8,46,5926,2017,46.04,49.03718619,9.756,247,65,133.66,34,167
1876,Gary Craig Wilson,33,139,12,22,5230,2739,24.07,62.70718619,,152,58,153.96,51,100
1877,Ashish Bagai,37,102,16,8,4767,2996,37.06,51.70718619,,280,124,137.66,108,199
1878,Peter Jeffrey Leroy Dujon,62,78,6,7,3977,2881,23.15,75.83718619,,189,71,161.16,64,244
1879,Ridley D Jacobs,51,21,9,27,3719,2661,23.31,75.83718619,,235,66,161.16,46,201
1880,Khaled Mashud,43,86,7,5,5569,3317,21.9,26.20718619,,144,29,95.06,40,298
1881,Shai Diego Hope,25,130,8,32,3891,2455,45.56,46.45718619,4.15,263,64,121.06,37,136
1882,Matthew Scott Wade,31,15,10,33,3795,2164,25.75,85.95718619,4.7,53,88,174.86,53,179
1883,Ian A Healy,54,130,4,5,3411,2104,21,38.33718619,5.14,215,87,111.16,53,107
1884,Krishnakumar Dinesh Karthik,33,130,9,15,3626,2358,31.04,47.33718619,5.52,260,85,123.16,81,115
1885,Rashid Latif,50,141,3,18,3476,2237,19.42,36.33718619,5.13,186,83,108.76,58,202
1886,Dihan Avishka Gunawardene,41,31,12,5,3745,2389,28.47,81.95718619,,77,49,169.66,44,87
1887,Bryan A Young,54,52,9,2,3626,2733,24.53,37.08718619,4.3352,198,76,109.76,45,253
1888,Dickwella Patabendige Dilantha Niroshan Dickwella,25,53,9,12,4453,1655,34.56,53.45718619,7.95,26,64,131.66,44,209
1889,Maurice A Ouma,39,41,7,5,4666,2528,20.85,31.95718619,8.95,239,81,102.86,59,58
1890,Hamish J H Marshall,40,26,12,8,5345,1990,27.43,51.95718619,5.8,134,91,129.66,63,154
1891,Nasir Jamshed,29,121,8,17,None,1881,31.51,55.70718619,7.012,210,53,134.66,68,215
1892,Luke Ronchi,37,25,4,43,5514,1220,23.68,29.20718619,9.35,288,115,99.06,83,327
1893,David O Obuya,39,27,6,12,4491,2135,19.36,58.95718619,7.98,255,86,138.86,66,224
1894,Peter G Fulton,40,29,8,20,3543,1833,32.54,60.70718619,5.68,136,64,141.06,53,68
1895,Simon M Katich,43,136,9,4,4912,1926,35.78,30.70718619,8.068,144,56,97.66,46,199
1896,Mohammad Raqibul Hasan,31,142,8,8,3253,2133,27.83,40.20718619,9.13,217,92,107.86,51,208
1897,Alex A Obanda,31,73,9,39,3990,1759,30.37,95.70718619,5.78,220,92,187.86,62,291
1898,Matthew S Sinclair,43,17,8,5,3046,2086,28.35,37.95718619,0.354,242,48,110.86,44,319
1899,Matthew J Prior,37,148,3,6,4466,1670,24.19,49.95718619,9.45,229,31,126.86,39,49
1900,Nayan R Mongia,49,44,2,8,4682,1846,20.19,114.2071862,1.035,140,31,212.66,38,315
1901,Rodney William Marsh,71,41,4,17,4381,1493,20.08,65.70718619,9.56,197,44,147.86,48,302
1902,Noor Ali Zadran,30,19,7,4,3372,1798,25.89,27.95718619,16.59,163,15,97.66,34,200
1903,Eric S Szwarczynski,36,47,10,6,3451,1615,29.78,40.33718619,,103,76,113.96,31,273
1904,Bastiaan Zuiderent,42,98,8,9,4619,1875,23.87,36.95718619,,277,143,109.66,97,374
1905,Imam-ul-Haq,23,29,5,10,4131,1333,60.56,56.45718619,,183,24,,27,281
1906,Ian D S Smith,62,47,3,10,3057,1061,17.3,76.33718619,,159,77,161.96,,237
1907,Craig Kieswetter,31,105,5,32,3006,1172,30.11,114.2071862,,270,50,212.66,,59
1908,Jamie M How,37,42,7,7,3567,1572,29.06,39.20718619,,252,70,112.66,45,329
1909,Anamul Haque,26,123,3,19,3807,1464,30.53,66.95718619,,203,49,149.66,34,237
1910,Henry M Nicholls,27,52,8,10,3175,1210,35.48,36.95718619,,218,72,109.66,61,201
1911,Don S B P Kuruppu,57,75,4,4,3508,1978,20.04,43.08718619,,218,62,117.76,25,198
1912,Evin Lewis,27,27,3,24,5192,1227,32.58,40.70718619,9.756,256,77,114.66,23,269
1913,Neil F I McCallum,41,17,4,17,4023,1452,27.83,40.45718619,9.756,185,128,114.06,105,242
1914,Matthew J Horne,49,52,5,5,3561,1515,20.42,48.83718619,9.756,93,97,125.16,99,266
1915,David F Watts,39,101,9,8,4144,1559,28.65,70.33718619,9.756,101,75,153.96,23,170
1916,Gregory Michael Ritchie,59,130,6,6,3813,1479,27.4,37.83718619,9.756,284,81,110.76,54,76
1917,Kieran Omar Akeem Powell,28,88,8,14,4453,1217,21.77,27.95718619,9.756,218,110,97.66,95,195
1918,Neil Trevor Broom,35,12,5,12,3233,1161,26.94,39.20718619,9.756,283,87,112.66,85,159
1919,Shimron Odilon Hetmeyer,22,78,2,36,3112,815,40.86,17.45718619,5.64,170,41,83.66,46,286
1920,Timothy David Paine,34,6,5,6,3580,1257,27.81,33.95718619,8.49,40,34,105.66,33,43
1921,David J Richardson,59,63,1,1,3312,1298,19.73,24.20718619,9.26,116,65,92.66,40,319
1922,Matthew Henry Cross,26,7,2,13,3822,1101,22.76,42.95718619,8.48,70,48,117.66,28,41
1923,Geraint O Jones,42,96,4,14,5016,1117,24.63,28.45718619,10.66,31,52,98.06,27,229
1924,Dennis L Amiss,75,37,1,1,3412,1185,47.72,40.70718619,8.19,34,78,114.66,54,321
1925,Wayne B Phillips,61,42,6,5,3896,994,24.34,29.13718619,9.79,67,52,94.66,54,59
1926,Charles K Coventry,35,111,3,29,3150,937,24.38,63.99718619,8.36,122,54,126.66,39,194
1927,Phillip Joel Hughes,27,31,4,4,3725,1100,35.91,58.13718619,6.78,272,68,128.16,74,277
1928,Andrew C Waller,59,112,4,11,3893,1172,23.37,41.70718619,9.34,142,41,109.06,45,273
1929,Sharjeel Khan,29,56,6,28,4226,705,32.48,29.27718619,8.16,138,83,94.76,63,226
1930,Saleem Yousuf,59,47,4,6,3157,1024,17.86,79.70718619,8.67,208,54,153.66,49,51
1931,John Dyson,64,122,4,2,2531,1622,32.83,109.7071862,10.565,107,22,188.66,22,254
1932,Graeme Fowler,61,88,4,1,2802,1321,31,61.27718619,5.14,238,51,131.96,64,87
1933,Pathiv A Patel,33,66,4,7,5106,942,23.74,59.41718619,5.52,262,80,129.86,65,100
1934,Christopher J Nevin,43,108,4,3,3979,1000,20.33,35.27718619,7.297,120,50,101.76,36,247
1935,Philo A Wallace,48,9,2,14,3686,1151,21.24,35.13718619,8.246,269,153,101.66,120,285
1936,Peter Joseph Moor,28,31,3,25,2428,1089,19.42,65.27718619,8.19,165,57,136.76,40,156
1937,Junior Randalph Murray,51,44,5,6,4792,929,22.6,64.13718619,9.065,170,41,126.96,38,40
1938,Callum J Ferguson,34,36,,,3175,,41.44,32.56718619,7.035,187,70,98.66,64,177
1939,Qasim Omar,62,42,,,2165,,22.93,57.41718619,10.64,49,23,127.66,33,54
1940,Usman T Khawaja,32,53,,,4370,,33.32,44.70718619,1.15,77,62,112.76,29,174
1941,John F Reid,63,95,4,2,3364,1084,27.52,64.84718619,5.14,152,31,136.06,28,223
1942,Sheik F A F Bacchus,65,29,3,1,3225,928,26.61,61.70718619,5.52,179,87,132.66,54,281
1943,Roland I C Holder,51,117,2,3,3223,876,23.96,17.41718619,8.49,233,79,80.86,44,316
1944,Robert T Robinson,60,1,3,0,2351,1026,22.96,61.41718619,4.79,271,52,132.06,50,270
1945,Bruce M Laird,68,112,2,0,3085,1131,29.7,39.41718619,5.16,52,69,106.66,55,74
1946,Bradley-John Watling,33,24,5,3,2427,838,24.91,78.84718619,9.46,142,50,152.66,34,74
1947,Kiran S More,56,104,0,4,3414,808,13.09,35.70718619,7.65,121,57,102.06,60,300
1948,Richmond Mutumbami,29,30,3,11,3012,777,20.44,49.70718619,2.6547,233,72,118.66,42,200
1949,Mohammad Wasim,41,40,3,1,2139,1043,23.61,40.27718619,5.67,55,21,107.66,23,37
1950,Muhammad Usman,33,5,2,8,2199,681,25.76,52.27718619,9.135,48,45,121.66,35,140
1951,Ian S Billcliff,46,110,4,7,,834,28,33.41718619,0.65,160,63,99.66,29,113
1952,Amjad Ali,39,131,3,2,3587,680,30.59,29.99718619,10.56,175,96,95.66,56,242
1953,Lee K Germon,50,1,3,1,3055,787,19.96,29.13718619,5.64,184,85,94.66,39,70
1954,Liton Das,24,49,1,6,2714,637,19.54,26.27718619,10.78,91,53,,64,254
1955,Michael R J Veletta,55,23,2,0,3578,642,32.27,55.70718619,8.46,107,70,125.66,43,316
1956,Carlton S Baugh,36,101,0,7,,719,20.08,85.99718619,9.45,49,21,158.66,40,257
1957,Ashif A Mulla,38,69,1,13,3560,603,20.08,35.99718619,1.97,208,68,102.66,45,270
1958,Dean A Minors,49,58,3,15,2626,789,26.56,33.41718619,5.13,253,20,99.66,29,67
1959,Mohammad Rizwan,26,86,3,5,3277,543,27.88,62.41718619,7.21,145,45,133.16,45,222
1960,Geoffrey E F  Barnett,35,136,1,5,3333,,,47.84718619,3.46,97,92,116.16,61,64
1961,Ruvindu Gunasekera,27,10,6,11,2840,,,124.2771862,7.95,136,34,205.66,19,109
1962,Regis W Chakabva,31,123,0,1,3974,813,15.13,48.84718619,6.49,117,47,117.66,43,209
1963,Tony E Blain,57,113,0,4,3201,662,16.37,53.13718619,8.1,149,73,122.66,44,328
1964,Sampathawudage A R Silva,58,52,3,0,3205,838,22.05,30.70718619,7.26,226,91,96.16,60,255
1965,Manish Krishnanand Pandey,29,109,2,4,4103,479,36.67,50.41718619,9.16,98,28,119.16,31,58
1966,James P Maher,45,149,1,7,3848,673,25.76,52.27718619,8.13,141,57,121.66,22,169
1967,Dipak N Chudasama,55,32,1,0,3049,685,22.84,33.27718619,8.63,193,25,99.16,30,131
1968,Colin J O Smith,46,101,2,3,2389,640,19.64,51.41718619,,141,36,120.66,,306
1969,Shafiqullah,29,148,2,24,2976,408,22.63,32.70718619,None,239,30,98.76,37,223
1970,Morne N van Wyk,39,60,4,4,2891,617,26.56,44.84718619,None,201,39,112.86,51,187
1971,Ghulam Shabber,29,55,3,3,2152,671,22.32,26.56718619,None,38,63,91.66,22,140
1972,Robert Charles Russell,55,87,1,1,3792,638,17.63,42.03718619,None,160,80,102.86,60,286
1973,Courtney O Browne,48,30,0,5,2967,590,17.29,16.37718619,None,178,57,77.06,47,322
1974,Forster Mutizwa,33,26,4,7,3886,502,31,31.70718619,None,119,43,92.66,32,114
1975,Jeremy P Bray,45,12,0,6,3388,594,28.64,21.03718619,None,62,66,81.86,45,219
1976,Ronald G De Alwis,12,133,2,7,2983,512,21.11,32.20718619,None,105,75,92.96,69,182
1977,Desmond R Chumney,51,105,0,9,2734,595,20.89,23.70718619,None,243,51,84.66,34,260
1978,Irfan A Karim,26,139,1,0,3069,522,44,50.70718619,None,1,92,111.66,44,114
1979,Adrian B Barath,28,72,1,3,3032,612,30.31,51.87718619,5.14,165,92,112.76,65,197
1980,Mohammad Mithun Ali,29,147,4,9,3594,509,34.64,85.20718619,5.52,106,52,145.96,17,158
1981,Henry G Munsey,26,149,1,7,3189,529,29.31,46.70718619,,262,80,107.66,56,224
1982,Dirk M Wellham,59,97,1,0,3471,699,25.27,71.70718619,,269,44,132.66,42,265
1983,Al Sahariar Rokon,40,48,2,1,3407,709,13.36,55.70718619,,211,87,116.66,50,314
1984,Syed M H Kirmani,69,107,0,0,2951,616,20.72,55.03718619,,56,29,115.86,21,138
1985,Peter J Forrest,33,27,3,4,2226,561,26.29,71.70718619,,1,50,132.66,56,189
1986,Warrick M Darling,61,106,1,0,2944,679,21.35,81.70718619,,186,62,142.66,58,165
1987,Saba Karim,51,80,1,2,2735,560,15.74,53.53718619,,215,56,114.16,30,240
1988,Shahriar Hossain,42,18,2,0,3230,682,19.05,69.37718619,7.03,147,90,130.06,33,237
1989,Dean Graham Brownlie,34,60,1,1,2293,486,25.79,69.53718619,9.16,237,46,130.16,13,78
1990,Zahid Fazal,45,47,2,3,2389,589,23.2,45.20718619,8.164,141,31,105.96,29,97
1991,Kirk A Edwards,34,138,0,7,3290,494,23.64,69.87718619,9.16,10,77,130.76,62,323
1992,Adnan Mufti,34,146,,,2398,,,34.70718619,5.06,124,72,95.66,22,153
1993,Craig D Wallace,28,33,3,8,2718,347,18.22,56.70718619,4.16,151,19,117.66,19,96
1994,Klass-Jan J van Noortwijk,48,20,1,6,3598,428,46,67.70718619,2.354,89,56,128.66,51,114
1995,Richard B McCosker,72,122,2,0,2008,653,22.86,46.87718619,9.16,153,22,107.76,19,281
1996,Peter Stephen Patrick Handscomb,27,129,3,3,2650,325,29,24.53718619,5.064,7,28,85.16,34,218
1997,Kannaur Lokesh Rahul,26,83,2,5,3686,393,35.22,65.87718619,9.71,228,58,126.76,34,93
1998,Vani V Morea,35,25,3,4,2122,460,26.08,84.70718619,6.495,246,52,145.66,26,80
1999,Blair R Hartland,52,40,2,0,2770,623,20.73,26.70718619,3.87,194,70,87.66,40,215
2000,Nafis Iqbal,33,18,2,2,2414,567,19.31,40.70718619,,90,61,101.66,77,90
2001,Ihsanullah Janat,21,148,3,6,2346,440,21.93,52.20718619,,219,29,112.96,32,305
2002,Lungile L  Bosman,41,131,2,9,2785,305,25.08,80.87718619,,210,85,141.76,65,67
2003,Christopher Mark Wells Read,40,104,0,6,3369,410,17.65,32.87718619,,93,95,,72,96
2004,Gary S Ballance,29,77,2,1,2796,443,21.21,21.70718619,,232,60,,43,44
2005,Paul A Nixon,48,54,0,7,2135,347,21.21,37.53718619,,235,69,,47,72
2006,Zahoor Elahi,48,140,3,6,,507,22.85,42.70718619,,145,55,103.66,19,172
2007,Deryck Lance Murray,75,43,2,2,2784,463,24.58,52.70718619,,60,44,113.66,22,78
2008,Andrew J Pycroft,62,139,2,1,2449,560,17.35,48.37718619,,44,45,109.06,24,212
2009,Stephanus J Myburgh,35,79,2,8,2733,339,24.5,56.70718619,,144,63,117.66,65,180
2010,Chandrakant S Pandit,57,9,0,0,3789,400,20.71,21.70718619,,128,30,82.66,26,178
2011,Llorne G Howell,46,9,4,4,1604,388,23.92,35.70718619,,157,60,96.66,29,147
2012,Alex Tyson Carey,27,140,0,2,2799,359,31.33,66.70718619,,101,48,127.66,16,168
2013,Aldesh V Vadher,44,14,2,1,2580,512,27.8,49.70718619,,118,59,110.66,57,145
2014,Samuel William Billings,27,41,2,2,2238,298,22.58,35.70718619,,155,64,96.66,42,95
2015,Jahurul Islam,32,143,1,2,2336,371,22.5,31.70718619,,55,41,92.66,28,90
2016,Joseph L Denly,32,116,2,1,2829,409,29.78,36.03718619,,108,101,96.86,60,229
2017,Afsar Zazai,25,54,2,0,2799,488,17.6,50.70718619,,8,62,111.66,46,89
2018,Swapnil P Patil,33,122,2,2,2733,404,26.3,39.03718619,,274,57,99.86,37,262
2019,Hamish J W Gardiner,28,98,2,0,2583,396,23.82,129.1071862,,41,81,168.76,46,177
2020,Kenneth J Wadsworth,19,30,0,3,2977,334,,36.50718619,5.064,180,83,91.66,53,108
2021,Mahela L Udawatte,32,111,2,3,2094,384,28.56,35.30718619,9.71,193,37,90.66,19,124
2022,Sameer S Dighe,50,116,1,2,2640,421,23.27,81.30718619,6.495,135,56,128.86,35,264
2023,Ross Edwards,76,100,3,0,2888,349,36.43,54.70718619,3.87,9,25,106.76,30,105
2024,Andrew D Poynter,31,101,2,7,2205,412,19.62,28.10718619,7.03,114,56,84.66,32,221
2025,Sanjeeva Ranatunga,49,9,2,0,2025,526,23,94.10718619,9.16,33,50,139.66,34,254
2026,Jekon Edness,35,54,1,3,2143,402,28,38.10718619,8.164,84,82,92.86,57,70
2027,Heinrich Klaasen,27,13,1,6,2934,291,22.82,43.50718619,9.16,215,61,97.16,48,302
2028,James J Atkinson,28,64,1,6,1652,398,27.78,60.50718619,6.45,113,35,111.66,30,96
2029,James A H Marshall,40,13,1,4,1960,313,25,64.10718619,9.12,38,65,114.66,41,183
2030,Clive T Radley,74,35,1,0,1580,367,83.33,41.50718619,9.75,175,52,95.76,26,163
2031,Robert H Vance,63,51,1,3,3027,481,31,64.90718619,1.48,46,21,115.06,37,43
2032,Alan Turner,68,54,0,1,2791,279,41.17,64.10718619,6.45,42,49,114.66,55,238
2033,Steven M Davies,32,80,1,0,3393,231,30.5,38.10718619,5.49,46,67,92.86,61,115
2034,Brijesh P Patel,66,36,1,3,2847,399,30.38,175.3071862,6.49,96,57,202.66,23,125
2035,Paul R Downton,61,83,0,0,3081,358,16.13,44.90718619,10.89,102,54,98.66,28,163
2036,Hasan Raza,37,12,1,1,1790,480,18.62,42.50718619,7.06,7,72,96.66,19,207
2037,Michael J Di Venuto,45,4,2,0,2583,281,26.78,48.50718619,11.64,21,62,101.66,36,234
2038,Hendrik Erasmus van der Dussen,30,146,3,6,1993,316,120.5,49.70718619,14.97,262,42,102.66,24,138
2039,Kevin J Arnott,57,136,3,1,2539,491,23.8,28.10718619,18.35,31,36,84.66,11,100
2040,Navdeep S Poonia,32,100,1,2,1912,377,11.29,89.70718619,5.064,235,53,135.86,33,51
2041,Gareth J Hopkins,42,34,0,2,1763,311,14.75,52.30718619,9.71,232,46,104.76,26,313
2042,Khurram Manzoor,32,106,3,0,1881,375,33.71,22.10718619,6.495,164,35,79.66,3,92
2043,John P Crawley,47,67,2,1,2918,408,21.36,55.70718619,3.87,125,83,107.66,43,280
2044,Philip Mustard,36,120,1,5,1645,252,23.3,54.50718619,16.79,138,44,106.66,14,144
2045,Travis M Dowlin,42,41,1,1,1750,348,25.33,56.90718619,2.64,47,54,108.66,33,255
2046,Andrew M J Hilditch,62,127,1,0,1698,476,28.25,58.70718619,5.55,212,36,103.76,40,261
2047,John H Edrich,81,39,2,1,1683,325,37.17,44.90718619,3.676,173,30,98.66,22,278
2048,Wasim Bari,70,133,0,0,2044,431,17,48.50718619,4.19,101,51,101.66,18,18
2049,Douglas R Lockhart,43,72,0,1,2187,341,24.22,97.70718619,6.75,15,19,142.66,36,310
2050,Yalaka Venugopal Rao,37,30,1,3,2500,363,24.22,46.10718619,8.167,73,62,99.66,12,295
2051,Vijay Dahiya,45,130,1,3,1859,267,16.62,31.70718619,7.03,120,49,87.66,26,215
2052,Warren K Lees,66,146,0,4,1955,307,11.32,64.10718619,9.16,118,30,114.66,32,84
2053,Freddie R J Coleman,27,97,1,1,1889,344,15.07,38.90718619,8.164,69,34,93.66,21,105
2054,Michael H W Papps,39,17,2,0,2059,342,51.75,70.10718619,9.16,85,30,119.66,12,140
2055,David L Bairstow,5,124,0,1,2690,390,14.71,77.30718619,,182,33,125.66,35,237
2056,Andri R Berenger,27,73,2,0,1973,304,20.5,38.90718619,None,63,45,93.66,48,274
2057,Asif Ali,27,55,1,12,1904,153,28.57,54.50718619,None,200,51,106.66,31,85
2058,Alan P E Knott,72,22,1,1,1945,247,20,18.50718619,None,182,34,76.66,20,312
2059,Moin-Ul-Atiq,54,68,0,0,2163,279,39.8,82.10718619,None,159,48,124.66,35,133
2060,Michael Alexander Jones,21,0,2,1,,271,38.8,31.70718619,,65,37,87.66,16,279
2061,Peter J Ingram,40,19,1,0,1367,238,27.57,61.70718619,5.264759801,133,59,112.66,33,201
2062,Vikram S Rathore,49,46,2,1,1689,321,27.57,83.30718619,5.264759801,10,22,,8,32
2063,Clay J Smith,48,64,1,5,2570,251,16,54.50718619,5.264759801,116,109,,71,311
2064,Trevor N Madondo,11,81,1,1,1985,331,15.92,38.90718619,5.264759801,211,57,93.66,23,178
2065,Shabir Noori,27,86,1,3,2225,300,19.1,25.70718619,5.264759801,21,36,82.66,37,61
2066,Usman Limbada,29,116,1,1,1428,285,18.9,37.70718619,5.264759801,52,3,92.66,15,49
2067,Samantha I De Saram,45,106,0,1,1383,,,20.90718619,,204,66,78.66,29,262
2068,Dale M Richards,42,134,2,3,2038,251,25.57,20.90718619,5.264759801,127,66,78.66,26,127
2069,Stuart W Poynter,28,63,0,0,2836,261,14.75,40.10718619,5.264759801,38,41,94.66,43,168
2070,Surinder C Khanna,62,18,2,2,2177,265,22,47.50718619,5.264759801,117,62,100.76,18,143
2071,Gregory C Dyer,59,91,0,4,2187,227,15.82,32.90718619,5.264759801,200,52,88.66,24,234
2072,Martyn D Moxon,58,0,1,0,1926,325,21.75,42.50718619,5.264759801,91,58,96.66,36,177
2073,Graham R J Roope,26,11,0,2,1547,342,21.63,31.70718619,5.264759801,9,48,87.66,,265
2074,Dogodo Bau,24,64,0,3,2631,319,18.89,22.90718619,5.264759801,275,95,80.06,47,174
2075,Richard A Jones,45,20,1,2,2248,329,33.6,36.70718619,5.264759801,46,58,91.76,58,201
2076,Jeroen Smits,46,8,0,0,1956,358,16.8,30.50718619,5.264759801,34,45,86.66,42,65
2077,Richard S Gabriel,66,26,0,3,1498,360,15.18,30.50718619,5.264759801,65,55,86.66,28,37
2078,John E Morris,54,85,1,0,3337,225,23.86,37.70718619,5.264759801,106,57,92.66,45,118
2079,Haroon Rashid,65,72,1,0,2063,316,20.75,32.90718619,5.264759801,205,25,88.66,52,76
2080,Michael J Lumb,39,61,0,3,2604,203,55,48.20718619,5.264759801,172,45,93.66,51,47
2081,Ghulam A Parkar,63,112,0,0,1802,332,18.33,161.9571862,5.264759801,268,89,169.16,70,320
2082,Temba Bavuma,28,27,0,1,2193,170,80.5,13.95718619,5.264759801,155,31,70.76,16,306
2083,Sanjeewa K L de Silva,43,27,2,0,2391,193,53.67,28.95718619,5.264759801,111,71,80.76,42,271
2084,Mark S Chapman,24,22,0,3,1920,174,40,59.70718619,5.264759801,258,19,101.06,18,294
2085,Justin L Langer,48,90,0,4,3215,180,32,78.20718619,5.264759801,153,66,113.66,20,124
2086,Atul C Bedade,52,51,1,5,2100,183,22.57,69.70718619,5.264759801,118,17,107.86,20,39
2087,Jacob J Martin,46,100,0,0,1761,331,22.57,66.20718619,,217,29,105.66,36,239
2088,Matthew P Maynard,52,110,0,1,1935,225,14.18,63.70718619,5.264759801,280,83,103.86,37,261
2089,Ian J Gould,61,68,0,0,1504,243,12.92,37.95718619,5.264759801,165,27,86.76,32,227
2090,Clifton J Richards,60,130,1,0,2093,264,11.85,80.20718619,5.264759801,78,37,111.66,14,124
2091,Chetandra P S Chauhan,71,53,0,0,1756,301,21.86,34.70718619,5.264759801,24,52,84.66,33,303
2092,Aaron J Redmond,39,10,1,0,1582,259,25.33,42.95718619,5.264759801,229,25,89.96,17,173
2093,Brian F Hastings,78,94,0,0,1928,273,18.88,51.45718619,5.264759801,48,39,95.76,5,22
2094,Graham D Barlow,68,93,1,0,2168,255,29.8,17.95718619,,7,38,73.16,17,298
2095,Amay R Khurasiya,46,98,1,2,2526,188,13.55,63.20718619,5.264759801,273,101,103.66,55,192
2096,Khalid Latif,33,61,1,0,2280,228,29.4,64.95718619,5.264759801,251,65,104.76,26,151
2097,Mohammed Nazimuddin,33,81,0,2,1864,237,13.36,82.70718619,5.264759801,80,64,116.66,53,250
2098,David Williams,55,123,0,0,1625,242,9.19,69.20718619,5.264759801,118,49,107.66,13,117
2099,Joseph A Burns,29,19,1,1,1646,184,24.33,58.70718619,5.264759801,196,35,100.66,11,269
2100,Shawn E Findlay,35,44,1,5,1713,194,20.86,57.95718619,5.264759801,77,84,99.96,36,71
2101,Gyanendra Malla,28,104,1,0,1833,189,23.83,75.20718619,5.264759801,155,41,111.66,9,102
2102,Malachy B Loye,46,90,0,5,1312,184,20.29,62.20718619,5.264759801,113,63,102.86,27,26
2103,Khayelihle Zondo,28,75,1,3,1179,224,35.5,67.45718619,5.264759801,110,22,106.16,42,87
2104,Atse F Buurman,36,124,0,0,1654,180,15.56,34.20718619,5.264759801,194,43,84.06,40,106
2105,Kiplin Dorriga,23,129,1,3,1960,201,34.75,105.2071862,5.264759801,61,16,131.66,27,166
2106,Chirag Suri,24,22,1,1,2974,282,17.25,101.7071862,5.264759801,117,56,129.06,64,126
2107,Kyle Antonio Hope,30,41,0,0,1461,192,,54.20718619,,200,35,97.66,16,265
2108,Lawrence G Rowe,70,None,1,0,2004,244,17,75.20718619,5.264759801,114,52,111.66,34,245
2109,Sunil R D Wettimuny,70,110,2,0,2211,242,68,57.95718619,5.264759801,90,76,99.96,55,170
2110,Patrick A Browne,37,58,0,6,1477,179,33.5,64.70718619,5.264759801,35,15,100.66,16,267
2111,Matthew D Bell,42,125,1,0,2251,268,19,51.20718619,5.264759801,165,23,95.66,25,145
2112,Wedagedara Sadeera Rashen Samarawickrama,23,47,1,0,1726,151,22,63.20718619,5.264759801,84,56,103.66,,319
2113,Brian B Chari,27,123,0,0,2170,305,13.1,57.20718619,5.264759801,122,61,99.66,35,210
2114,Mannava S K Prasad,43,114,1,0,1596,225,14.56,45.20718619,5.264759801,44,51,91.66,25,196
2115,James M Vince,27,36,1,0,,150,26.2,46.70718619,5.264759801,91,29,92.66,38,64
2116,Sajid Ali,55,27,0,0,1838,293,10.83,30.20718619,5.264759801,153,31,81.66,29,262
2117,Robert W Taylor,77,37,0,0,1659,312,13,30.20718619,5.264759801,216,18,81.66,37,70
2118,Timothy J Zoehrer,57,71,1,0,1343,183,10.83,41.20718619,5.264759801,205,25,85.66,20,57
2119,Frank C Hayes,72,8,1,2,1858,235,25.6,49.70718619,5.264759801,14,55,94.66,30,39
2120,Dhiman Ghosh,32,96,0,1,1876,201,14,47.70718619,5.264759801,94,30,93.06,25,78
2121,Thelston R O Payne,62,56,1,0,1348,240,31.5,37.70718619,5.264759801,153,32,86.66,23,53
2122,Charith P Senanayake,56,133,0,0,2320,211,18,55.95718619,5.264759801,77,89,98.76,67,269
2123,Philip A Jaques,39,59,1,1,2311,176,20.83,45.20718619,,76,9,91.66,14,248
2124,Alester Maregwede,37,6,0,2,2447,218,12.4,31.70718619,7.164,178,17,82.66,29,26
2125,Ben M Duckett,24,134,2,1,1340,152,41,34.70718619,9.45,169,61,84.66,35,273
2126,Grant A Paterson,58,15,0,0,2071,327,12.3,103.7071862,2.876,32,65,130.66,17,309
2127,Arun Lal,63,41,1,1,2043,232,9.38,49.70718619,3.674,47,43,,24,232
2128,Chris R M Douglas,29,98,2,1,1745,218,61,55.70718619,8.16,226,66,98.66,28,226
2129,Brenton A Parchment,36,126,0,1,1999,217,17.43,33.45718619,9.78,156,19,83.76,22,202
2130,Sandeep K Gupta,51,2,0,0,2023,220,13.44,41.95718619,7.65,245,69,89.16,22,230
2131,Vijay Yadav,51,128,0,2,1319,116,11.8,34.20718619,8.135,8,25,81.66,35,82
2132,Azam Khan,50,118,1,0,2413,177,23.2,30.20718619,6.46,214,30,81.66,50,90
2133,Benjamin N Cooper,27,10,1,2,1670,96,29,33.20718619,5.167,71,42,83.66,31,89
2134,Hamza Tariq,28,141,1,2,1813,157,16.57,44.70718619,9.75,174,23,91.06,12,204
2135,Gagan K Khoda,44,72,1,0,2398,185,57.5,13.45718619,8.86,130,22,70.16,20,277
2136,Christopher Carter,21,95,0,0,2582,186,12.67,57.70718619,2.45,43,51,99.86,32,68
2137,Farokh M Engineer,81,16,1,0,1673,195,38,52.70718619,,59,70,96.66,29,251
2138,Darren L Maddy,44,106,1,0,2047,206,18.83,62.70718619,,238,62,103.06,38,273
2139,Danza P Hyatt,35,61,0,6,2761,188,14,42.20718619,5.064,210,35,89.66,21,225
2140,Robin D Brown,67,140,0,0,2089,334,15.71,29.70718619,9.71,85,45,81.06,9,64
2141,Scott Stephen McKechnie,27,71,0,1,1752,193,15.43,31.70718619,6.495,214,63,82.66,24,154
2142,Ryan Craig Murray,20,58,0,2,1445,178,27,18.20718619,3.87,21,77,73.66,25,91
2143,Hazratullah Zazai,20,52,1,7,1335,96,26.75,22.70718619,7.03,173,43,76.66,36,250
2144,Steven John Rhodes,54,45,1,1,1570,150,17.83,69.20718619,,9,61,107.66,14,287
2145,Geoffrey Cook,67,121,0,0,1360,261,17.67,32.20718619,,137,42,82.86,41,256
2146,Faruk Ahmed,52,30,1,0,1604,273,15,30.20718619,,35,22,81.66,36,147
2147,Peter M Toohey,64,57,1,0,1972,133,52.5,53.95718619,,186,68,97.16,26,55
2148,Ellukutige R N S Fernando,63,39,0,0,2104,156,20.2,51.70718619,,45,66,87.66,19,193
2149,Wayne Robert James,53,85,0,0,1582,255,14.43,21.03718619,,187,42,72.06,38,167
2150,Timothy A Lloyd,62,80,0,0,1939,228,33.67,96.37718619,,92,39,109.86,36,199
2151,Tabarak Dar,42,49,0,0,2064,175,25.25,37.03718619,,235,44,80.06,30,126
2152,Surinder Amarnath,70,90,1,0,2293,119,33.33,90.70718619,,54,53,106.96,9,28
2153,Shahzaib Hasan,29,90,1,2,2207,113,33.33,36.37718619,5.264759801,193,78,79.86,38,230
2154,Leon V Garrick,42,37,1,0,1461,204,33,48.03718619,5.264759801,20,22,85.76,22,240
2155,Adrian F G Griffith,47,27,0,1,1595,177,14.14,42.03718619,5.264759801,172,41,82.76,25,176
2156,Brian C Rose,68,2,1,0,2305,210,49.5,20.37718619,5.264759801,143,66,71.86,45,112
2157,Leon R Johnson,31,126,1,2,1870,175,16.33,31.70718619,5.264759801,None,26,77.66,29,318
2158,Mohammad Ishaq,55,82,1,0,1203,130,24.5,75.03718619,5.264759801,None,25,99.06,15,308
2159,Robert B Kerr,57,77,1,0,1517,159,32.33,94.37718619,5.264759801,None,40,108.86,7,257
2160,Kwame Tucker,42,37,0,0,1521,246,9.5,37.03718619,5.264759801,132,55,80.06,34,138
2161,Gerhardus F J Liebenberg,46,29,0,0,1245,199,23.5,62.70718619,5.264759801,36,48,92.96,15,179
2162,Vijay Mehra,55,117,0,0,1512,202,18.4,36.70718619,,193,17,79.96,29,268
2163,Dulip Prasamma Samaraweera,47,29,0,0,1795,169,22.75,47.70718619,,147,35,85.66,22,177
2164,Bryan G Murgatroyd,49,73,1,1,1975,145,15,83.37718619,5.264759801,244,52,103.16,36,231
2165,Ajay Ratra,37,120,0,0,1621,127,12.86,41.70718619,5.264759801,173,29,82.66,29,102
2166,Vakkadai B Chandrasekhar,57,16,1,0,1822,163,12.57,43.03718619,,97,29,83.06,21,207
2167,Anil Dalpat,55,31,0,0,1575,136,12.43,20.03718619,,110,6,71.76,24,60
2168,Everton H Mattis,61,116,1,0,1753,190,43,37.70718619,,59,67,,39,146
2169,Rohit Kumar Paudel,16,139,1,0,1374,111,21.5,27.37718619,,19,25,72.76,,246
2170,Pubudu B Dassanayake,48,111,0,0,1326,142,10.63,33.70718619,,49,66,78.66,61,253
2171,Kim J Barnett,58,107,1,0,1789,146,84,123.7071862,5.264759801,259,68,123.66,38,195
2172,Mohammad Younis Ahmed,71,140,1,0,1909,151,42,63.70718619,5.264759801,177,35,93.66,30,280
2173,Alec G Davies,56,59,0,0,1610,154,20.75,65.70718619,5.264759801,135,50,94.66,10,75
2174,Louis J Koen,51,145,0,0,787,169,16.4,75.70718619,5.264759801,241,50,99.66,8,234
2175,Richard D Robinson,72,121,1,1,1538,143,41,61.70718619,,246,17,92.66,16,263
2176,Shahid Wasif,21,None,0,3,,163,11.57,55.37718619,7,219,78,89.16,63,66
2177,Jack N T Vare,33,96,0,0,2357,110,10.13,89.70718619,10,252,45,106.66,48,166
2178,Subramaniam Badrinath,38,36,0,0,1400,172,15.8,155.7071862,6,69,63,137.06,25,239
2179,Martin F Kent,65,108,0,0,1462,133,19.5,45.70718619,3.54,125,22,84.66,11,98
2180,Mark W Rushmere,54,80,0,0,1308,174,19.5,48.70718619,8.46,149,13,85.96,17,113
2181,Sami Aslam,23,68,0,0,1491,117,19.5,43.70718619,9.78,137,54,83.66,10,232
2182,Michael H Tissera,79,62,1,0,2574,148,26,61.70718619,4.65,187,None,92.66,28,144
2183,Christopher A Lynn,28,118,0,3,1798,89,18.75,58.03718619,8.13,213,42,90.76,40,94
2184,Andrew P Sheahan,72,13,1,1,1376,124,25,67.70718619,9.11,131,65,95.66,29,294
2185,Ervin B McSweeney,61,135,0,2,1326,119,8.11,87.70718619,7.12,99,32,105.66,13,225
2186,Craig S Serjeant,67,23,0,1,1406,158,24.33,28.70718619,9.65,115,71,75.96,18,258
2187,Dharshanapriya Sandun Weerakkody,25,117,1,1,1819,66,24.33,37.70718619,8.12,233,72,80.66,51,268
2188,Glenn Blakeney,46,97,0,1,1414,69,36,113.7071862,1.06,176,29,118.66,25,126
2189,Sandanand Viswanath,56,45,0,0,1512,139,9,81.70718619,9.16,23,14,102.66,30,272
2190,Christopher J Adams,48,43,0,0,1325,144,17.75,41.70718619,8.15,9,54,82.66,18,287
2191,Michael John Smith,12,2,0,0,2062,159,14,63.03718619,8.13,128,14,93.06,36,179
2192,Ashraf Ali,60,143,0,0,2149,135,17.25,69.70718619,9.18,101,73,94.66,41,253
2193,Subash Prasad Khakurel,25,98,1,1,1446,130,34.5,97.70718619,7.6,222,45,110.66,35,230
2194,Fiqre S Crockwell,33,81,0,2,1160,104,34,35.70718619,8.1,124,43,79.66,13,289
2195,Oli J Hairs,27,106,0,0,1319,100,13.6,80.70718619,4.65,198,23,101.96,41,274
2196,Nurul Hasan,25,56,0,2,1277,70,34,87.70718619,8.02,185,17,105.66,24,139
2197,Stephen J Cook,65,122,0,0,1780,118,16.75,42.37718619,0.56,199,47,81.66,58,94
2198,Sean G Davies,45,94,0,1,2117,173,16.75,83.70718619,8.13,105,24,103.66,25,145
2199,Victor Pollard,73,5,1,1,1319,145,33.5,55.70718619,9.16,228,54,89.66,47,47
2200,Waqas Khan,19,87,0,0,1358,137,16.75,21.70718619,8.64,64,30,72.66,32,83
2201,Akhtar Sarfraz,43,12,0,1,1428,99,16.5,53.70718619,8.13,176,45,88.66,26,222
2202,Saeed Azad,52,121,0,0,1359,131,16.25,39.70718619,8.02,71,19,81.66,21,242
2203,Rana Omer Hussain,34,33,0,0,1672,143,9,49.70718619,1.65,203,50,86.66,36,180
2204,Peter D McGlashan,39,54,1,1,1094,51,63,62.70718619,7.36,66,14,92.96,24,41
2205,Mohammad Q Sheikh,34,120,0,0,1839,140,10.5,29.70718619,8.16,185,75,76.66,29,229
2206,Adnan Akmal,33,42,0,0,1191,89,20.67,39.37718619,4.06,235,63,81.16,16,129
2207,Peter G Coman,75,58,0,2,1265,104,20.67,56.37718619,6.56,107,22,89.86,44,167
2208,Shaheedur Rahman,66,93,0,0,1416,108,31,20.37718619,10.5,167,25,69.66,12,149
2209,James D Love,63,89,0,0,1268,100,20.33,44.03718619,9.16,138,18,83.76,24,137
2210,Shakeel Ahmed,47,65,0,0,1582,128,30.5,20.37718619,5.064,176,26,69.66,30,186
2211,Laxman Sreekumar,31,33,0,1,1628,73,15.25,31.70718619,9.71,234,35,77.66,5,154
2212,Errol L R Stewart,49,56,0,0,1785,116,15.25,38.03718619,6.495,243,30,80.76,41,159
2213,James J Celestine,45,2,0,2,1218,134,7.5,45.70718619,3.87,246,59,84.66,20,80
2214,Humayun Farhat,38,31,0,2,1591,56,20,45.70718619,7.03,258,37,84.66,16,64
2215,Abdul Jabbar,36,124,0,1,832,82,29.5,101.7071862,8.06,98,51,112.66,7,273
2216,Roland O Butcher,65,24,1,0,1225,68,19.33,37.70718619,8.16,255,35,80.66,49,51
2217,Tinotenda M K Mawoyo,33,121,0,0,1362,160,8.29,14.03718619,4.94,236,64,68.76,21,109
2218,David Murphy,29,33,0,0,1801,118,11.6,43.70718619,8.12,111,17,83.66,42,51
2219,Saqlain Haider,31,7,0,0,1296,77,14.5,35.70718619,4.67,125,39,79.66,15,134
2220,Melt van Schoor,51,66,0,1,981,111,14.5,55.37718619,9.16,48,53,89.16,33,59
2221,Ryan S Haire,37,64,1,1,1500,72,28,31.70718619,8.35,124,51,77.66,36,72
2222,Mark W Douglas,50,2,0,1,1471,123,9.17,37.70718619,7.96,217,37,80.66,37,94
2223,Faiz Yakub Fazal,33,91,1,1,1298,61,10.52,68.37718619,10.61,75,43,95.86,23,159
2224,Tafadzwa V Mufambisi,32,21,0,0,1668,90,9.17,49.70718619,11.64,250,12,86.66,21,244
2225,Steven J Palframan,48,108,0,0,829,80,13.75,75.70718619,8.46,50,9,99.66,10,225
2226,Abdul Shakoor,33,72,0,1,1487,102,18,37.70718619,7.23,243,14,80.66,26,151
2227,Ryan J Campbell,47,130,0,0,1292,70,27,37.70718619,4.68,179,65,80.66,18,49
2228,Robert W T Key,39,100,0,0,1325,135,10.8,39.70718619,10.35,246,20,81.66,38,45
2229,Mohammad Iqbal,45,79,0,0,954,80,10.8,33.70718619,8.96,27,29,78.66,18,100
2230,Jatin V Paranjpe,46,23,0,1,1443,91,18,43.70718619,7.12,168,19,83.66,16,261
2231,Robert G Samuels,47,21,0,1,1497,63,18,35.70718619,2.67,119,25,79.66,20,114
2232,Ghulam Ali,52,138,0,0,1187,121,17.67,50.03718619,1.03,12,46,86.76,14,238
2233,Chadwick Antonio Kirkpatrick Walton,33,7,0,0,1135,86,6.63,51.70718619,7.034,227,18,87.66,23,33
2234,Ashley J Woodcock,72,131,1,1,1669,67,53,37.70718619,8.16,150,48,80.66,35,127
2235,Deep Dasgupta,41,15,0,0,1004,82,17,87.70718619,5.064,13,45,105.66,29,225
2236,Cheteshwar Arvind Pujara,31,145,0,0,1026,130,10.2,58.37718619,9.71,116,26,,19,302
2237,Nolan E Clarke,70,24,0,1,1085,112,10,93.37718619,6.495,185,33,108.16,19,187
2238,Jack G Heron,70,69,0,0,,163,8.33,71.70718619,3.87,164,52,97.66,9,104
2239,Philip A Horne,59,68,0,0,988,122,12.5,41.70718619,7.03,191,43,82.66,14,209
2240,Zeeshan Siddiqi,42,32,0,1,1684,111,25,53.70718619,7.964,55,55,88.66,17,192
2241,Devang J Gandhi,47,141,0,0,814,97,16.33,56.70718619,1.035,130,49,89.96,10,45
2242,Dammika Ranatunga,56,62,0,0,1016,156,12.25,35.03718619,8.27,50,45,79.06,20,305
2243,Marcelis M C Schewe,49,13,0,0,888,68,16.33,61.70718619,9.35,30,39,92.66,17,67
2244,Saurabh S Tiwary,29,61,0,1,1755,56,10.52,19.37718619,8.13,180,10,71.16,8,102
2245,John H Hampshire,78,92,0,0,1160,86,24,18.03718619,5.034,49,19,70.76,22,164
2246,Michael G Vandort,39,91,0,0,1292,117,48,39.70718619,8.29,110,59,81.66,10,96
2247,John J Whitaker,56,35,0,1,1160,65,48,41.70718619,7.36,130,49,82.66,9,179
2248,Zulqarnain Haider,32,81,0,0,1642,68,24,25.70718619,4.22,217,72,74.66,48,76
2249,Franklym A Dennis,71,6,0,0,840,171,15.67,121.7071862,1.36,93,49,102.66,17,288
2250,Edward R Fernando,75,37,0,0,794,66,15.67,97.70718619,8.66,53,45,94.66,29,257
2251,Jawahir Shah,,58,0,0,1036,118,15.33,80.70718619,9.55,212,40,88.86,31,123
2252,Karun Kaladharan Nair,27,91,0,0,1242,88,23,43.70718619,7.12,87,22,76.66,28,84
2253,Ian R Redpath,77,52,0,0,1378,67,9.2,93.20718619,6.56,88,23,92.96,30,217
2254,Morne Karg,41,45,0,1,1516,65,22.5,59.20718619,1.95,239,27,81.76,38,243
2255,David A Murray,68,76,0,0,897,132,9,61.70718619,4.16,125,54,82.66,,48
2256,Rory D McCann,34,129,0,0,889,77,11,133.7071862,5.55,None,58,106.66,26,87
2257,Riaz H Poonawala,57,118,0,0,1078,56,22,31.70718619,3.26,None,18,72.66,22,188
2258,Salman Faris,33,131,0,0,1451,79,14.33,88.70718619,8.19,None,70,91.66,24,113
2259,Wilfred N Slack,15,79,0,1,1278,85,21.5,66.20718619,9.18,178,28,83.96,12,294
2260,Stephan J Swanepoel,37,136,0,0,745,94,8.6,22.70718619,4.39,123,66,69.66,39,41
2261,Anwar Hossain,35,128,0,0,612,106,42,91.70718619,7.19,238,49,92.66,20,155
2262,Azmat Rana,67,100,0,0,1278,73,42,85.70718619,5.79,56,34,90.66,21,114
2263,Mark H Richardson,47,95,0,0,1376,97,10.5,82.70718619,4.67,257,59,89.66,13,64
2264,James S Foster,38,41,0,0,1315,71,13.67,71.20718619,8.49,241,17,85.76,23,101
2265,Stewart P Heaney,38,9,0,0,1513,92,10.25,25.70718619,7.39,50,13,70.66,18,305
2266,Rishabh Rajendra Pant,21,8,0,1,1236,31,20.5,20.70718619,7.34,236,23,68.86,31,147
2267,Wriddhiman Prasanta Saha,34,122,0,0,1311,56,13.67,40.70718619,9.56,208,25,75.66,12,275
2268,Shafiq Ahmed,69,136,0,0,1464,91,13.67,6.707186189,7.103,211,43,64.06,26,103
2269,Malhar L Patel,35,45,0,0,832,95,13.33,5.207186189,5.67,250,56,63.76,20,99
2270,Stephen J Rixon,65,43,0,0,956,98,13.33,34.70718619,8.25,106,49,73.66,3,71
2271,Daniel James ter Braak,28,128,0,0,924,94,20,15.20718619,4.65,136,48,66.96,10,15
2272,Gavin A Briant,49,106,0,0,1304,69,13,163.7071862,6.58,117,38,116.66,45,286
2273,Shiv S Das,41,139,0,1,1702,77,13,42.70718619,2.67,177,75,76.06,35,165
2274,Neil Kruger,37,106,0,0,954,75,19.5,17.20718619,2.35,129,31,67.76,28,255
2275,Graham D Lloyd,49,53,0,0,1475,80,9.75,122.7071862,5.064,215,60,102.86,27,82
2276,Ramveer Rai,31,149,0,0,1021,124,39,19.70718619,9.71,200,59,68.66,30,79
2277,Reiout H Scholte,51,71,0,0,1420,135,7.8,49.70718619,6.495,146,23,78.66,33,258
2278,Sunil Walford Ambris,25,42,0,0,863,27,10.52,79.70718619,3.87,23,57,88.66,12,40
2279,Christopher J D Chappell,63,47,0,0,1232,143,12.67,37.70718619,7.03,222,49,74.66,24,279
2280,Mohammad Aslam,57,96,0,0,1011,73,9.5,61.70718619,,111,10,82.66,21,46
2281,Sudhir S Naik,74,143,0,0,1054,68,19,52.70718619,,198,63,79.66,33,142
2282,Samuel Walusimbi,,76,0,0,963,124,12.67,79.70718619,,263,30,88.66,42,75
2283,Peter N Webb,61,35,0,0,1065,101,9.5,49.70718619,,254,64,78.66,9,209
2284,Tinashe Stephen Kamunhukamwe,23,61,0,2,779,49,18.5,142.7071862,,98,25,109.66,20,137
2285,Shahid Anwar,50,56,0,0,952,44,37,61.70718619,,176,48,82.66,31,38
2286,David J White,57,23,0,0,1123,97,12.33,100.7071862,,234,44,95.66,19,275
2287,Ankur Vasishta,37,97,0,0,1058,69,12,57.70718619,,123,63,81.06,26,137
2288,Ganesh Mylvaganam,52,47,0,0,700,92,12,61.70718619,,196,36,82.66,22,22
2289,Azeem R Pitcher,38,77,0,1,970,89,9,22.70718619,,157,21,69.66,10,185
2290,Jamie O Troughton,40,25,0,0,1475,76,9,27.20718619,,44,53,70.96,44,123
2291,Binod Bhandari,29,4,0,0,1112,77,11.67,85.70718619,,54,32,90.66,6,286
2292,Cameron McAuslan,20,46,0,0,541,72,17.5,27.70718619,,212,45,,18,49
2293,Maurits W A van Nierop,35,106,0,1,1005,49,35,127.7071862,,125,50,104.66,24,129
2294,Basnayake S M Warnapura,39,36,0,0,973,76,11.67,94.70718619,,168,4,93.66,18,77
2295,Rohan P Alexander,46,55,0,0,1305,75,17,52.70718619,,70,48,79.66,,106
2296,Atiq-Uz-Zaman,43,14,0,0,1746,36,17,105.7071862,,154,21,97.06,20,43
2297,Bruce N French,59,17,0,0,1070,71,6.8,67.70718619,,146,15,84.66,33,186
2298,Timothy T Smart,46,93,0,0,1319,94,17,79.70718619,1.65,101,30,88.66,31,145
2299,Treadwell Gibbons,33,14,0,0,1197,98,16.5,70.70718619,7.36,209,14,85.66,12,220
2300,Gerald E Peckover,63,131,0,0,1055,54,16.5,16.70718619,8.16,63,63,67.66,41,206
2301,Tim Louis Seifert,24,115,0,1,849,27,16.5,148.7071862,4.06,73,37,111.66,36,167
2302,James D Siddons,54,99,0,0,1131,37,32,79.70718619,6.56,93,63,88.66,16,236
2303,Sean P Terry,27,16,0,0,1005,67,6.4,61.70718619,10.5,86,38,82.66,18,175
2304,Hettiarachige M Goonatillake,66,18,0,0,1113,58,31,46.70718619,9.16,133,30,77.66,35,68
2305,Christiaan Jonker,32,122,0,1,992,33,15.5,76.20718619,5.064,44,40,87.16,31,247
2306,Mohamed N Nawaz,45,64,0,0,955,71,15.5,85.70718619,9.71,73,60,90.66,33,248
2307,Roger D Woolley,64,114,0,0,1071,38,31,67.70718619,6.495,256,65,84.66,34,33
2308,Mandy Yachad,58,67,0,0,1081,77,31,31.70718619,3.87,181,56,72.66,4,164
2309,Manoj Cheruparambil,39,40,0,1,None,52,15,37.70718619,7.03,149,22,74.66,25,48
2310,Irvine T Shillingford,74,127,0,0,1358,38,15,118.7071862,8.06,190,13,101.66,20,119
2311,Imran Abbas,40,119,0,0,1117,63,14.5,67.70718619,8.16,44,20,84.66,34,139
2312,Dominick I Joyce,37,92,0,0,1033,56,9.67,31.70718619,4.94,32,57,72.66,33,297
2313,Kevin J Wright,65,48,0,0,987,52,14.5,37.70718619,8.12,212,55,74.66,33,145
2314,James D Hall,30,99,0,0,960,75,9.33,91.70718619,4.67,190,60,92.66,20,74
2315,Taslim Arif,13,135,0,0,1047,58,14,43.70718619,,157,62,76.66,34,240
2316,Scott Andrew Edwards,22,95,0,0,1049,34,13.5,34.70718619,,252,20,73.66,32,235
2317,Trevor J Franklin,56,36,0,0,739,89,9,85.70718619,,53,22,83.66,33,217
2318,Hewasandatchige Asiri Prasanna Wishvanath Jayawardene,39,41,0,0,1073,44,5.4,25.70718619,,171,16,70.66,4,191
2319,Barry G Hadlee,77,121,0,0,1064,93,26,61.70718619,,32,51,82.66,15,283
2320,Shanan L Stewart,36,15,0,0,699,59,6.5,61.70718619,,31,49,82.66,28,172
2321,Richard J Blakey,52,73,0,0,1439,50,12.5,91.70718619,,23,40,92.66,23,169
2322,Jawad J Dawood,36,24,0,2,1529,19,10.52,51.70718619,,248,24,79.06,18,170
2323,Nasir Ahmed,55,107,0,0,958,62,12.5,40.70718619,,195,20,75.66,18,281
2324,Anil K Sah,20,38,0,0,1222,35,12.5,34.70718619,,128,46,73.66,30,243
2325,Mark R Benson,60,35,0,0,901,58,24,95.70718619,,50,57,91.66,29,31
2326,Nic Pothas,45,79,0,0,677,41,24,112.7071862,,249,36,99.66,25,204
2327,Rafiqul Alam,61,124,0,0,983,63,12,46.70718619,,79,11,77.66,29,192
2328,Alvin E Greenidge,62,25,0,0,1087,33,23,31.70718619,,132,11,72.66,25,29
2329,Steve J Massiah,39,79,0,0,828,44,11.5,46.70718619,,124,31,77.66,30,26
2330,Ungamandadige N K Fernando,48,86,0,0,769,25,10.52,28.70718619,,211,27,71.66,14,57
2331,Mohammad Salman,37,101,0,0,1588,39,11,70.70718619,,137,71,85.66,52,183
2332,Colin M Wells,59,149,0,0,861,44,11,31.70718619,,35,62,72.66,11,294
2333,Ashton James Turner,26,90,0,1,1247,23,21,49.70718619,,242,45,78.66,19,292
2334,Mark R Johnson,55,71,0,0,1029,19,10,49.20718619,,44,71,78.16,40,221
2335,Bryan M Mauricette,72,118,0,1,565,68,6.67,55.70718619,,127,33,80.66,21,31
2336,Nazmul Hossain Shanto,20,126,0,0,639,45,6.67,16.70718619,,213,29,67.66,16,95
2337,Iain L Philip,60,81,0,0,1500,89,6.67,108.2071862,,203,32,97.96,34,190
2338,Rizwan-Uz-Zaman,56,46,0,0,905,129,6.67,82.70718619,,182,49,89.66,34,49
2339,Abdur F Sattaur,53,115,0,1,1075,60,6.67,58.70718619,,150,65,81.66,13,277
2340,Parthasarathy H Sharma,20,72,0,0,764,39,10,70.70718619,,60,53,85.66,10,99
2341,Ronald G A Headley,79,1,0,0,656,41,19,88.70718619,,100,38,91.66,10,46
2342,Sundeep Jora,17,112,0,1,1140,20,19,85.70718619,,148,34,83.66,18,117
2343,Michael Jonathon Smith,52,None,0,0,1083,85,3.8,19.70718619,,199,34,68.66,31,49
2344,Friday Kasteni,30,74,0,0,1549,42,6,58.70718619,,253,28,81.66,17,229
2345,Saleem Pervez,24,122,0,0,895,39,18,57.70718619,,228,44,76.66,21,172
2346,Karl Whatham,37,83,0,0,722,41,18,31.70718619,,81,28,72.66,12,297
2347,Zulquarnain,56,55,0,1,1027,30,6,73.70718619,,202,40,86.66,39,104
2348,Tariq Iqbal,54,29,0,0,839,52,8.5,31.70718619,,205,17,72.66,19,86
2349,Rohan S A Jayasekera,61,26,0,0,876,42,17,22.70718619,,161,42,69.66,31,312
2350,Robert W Anderson,70,115,0,0,1036,46,16,79.70718619,,121,16,88.66,13,193
2351,Jignesh H Desai,44,25,0,0,640,38,16,40.70718619,,148,23,75.66,8,65
2352,S B Lama,46,24,0,0,849,48,10.52,31.70718619,,238,34,72.66,24,54
2353,Vikrant Shetty,35,14,0,0,632,29,8,64.70718619,,33,47,83.66,17,29
2354,Shubman Gill,19,67,0,0,520,32,8,25.70718619,,178,40,70.66,19,189
2355,Sujith B Somasunder,46,63,0,0,None,63,8,70.70718619,,184,25,85.66,14,138
2356,Brian W Luckhurst,1,3,0,0,None,69,5,31.70718619,,52,19,70.06,9,278
2357,Eldeniya Medagedara Dilshan Yasika Munaweera,29,3,0,0,None,29,7.5,56.70718619,,177,23,80.86,18,237
2358,Nurul Abedin,54,3,0,0,None,55,3.75,31.70718619,,134,38,72.66,22,215
2359,Hamish D Rutherford,29,3,0,0,806,56,3.75,175.7071862,,13,39,120.66,25,281
2360,Sajjad Ahmed,44,3,0,0,793,46,7.5,24.20718619,,90,56,69.96,15,131
2361,David M Smith,63,77,0,0,978,40,15,49.20718619,,121,34,78.16,8,151
2362,Lesley W Stokkers,31,27,0,0,657,40,10.52,52.20718619,,175,28,79.16,8,165
2363,Tariq Javed,69,29,0,0,1115,77,5,28.70718619,,133,19,71.66,20,296
2364,Alan P Wells,57,59,0,0,1026,10,15,68.20718619,,72,None,84.76,6,116
2365,Asghar Ali,47,60,0,0,1243,53,7,31.70718619,,190,15,72.66,18,70
2366,Asif Mahmood,43,2,0,0,1108,34,7,25.70718619,,238,23,70.66,4,44
2367,Indika P P Batuwitarachchi,44,2,0,0,1275,48,7,31.70718619,5.064,185,36,72.66,18,151
2368,Alan R Butcher,65,2,0,0,1291,26,14,61.70718619,9.71,10,59,82.66,26,167
2369,Haninder S Dhillon,42,39,0,0,793,35,7,85.70718619,6.495,80,16,90.66,11,40
2370,Ebrahim A Essop-Adam,50,55,0,0,870,15,10.52,37.70718619,3.87,73,25,68.66,27,49
2371,Graham E Vivian,73,69,0,0,938,30,14,3.707186189,7.03,37,59,62.86,22,293
2372,Zahid Razzak,51,85,0,0,686,44,4.67,30.70718619,,149,21,,18,89
2373,Glenn A Bishop,59,81,0,0,981,44,6.5,59.70718619,,240,27,72.06,24,107
2374,Surendra Seeraj,45,31,0,0,870,12,10.52,61.70718619,,202,29,72.66,,253
2375,Usman Salahuddin,28,58,0,0,707,28,6.5,7.707186189,,48,22,63.66,10,125
2376,Dwight M Basden,46,14,0,0,869,40,6,21.70718619,,147,59,65.86,15,205
2377,Glen K Bruk-Jackson,49,118,0,0,958,33,12,5.707186189,,65,44,63.06,32,184
2378,Ian C Davis,65,17,0,0,803,35,6,21.70718619,,130,41,65.86,11,175
2379,Ashley M de Silva,55,48,0,0,630,24,6,176.7071862,,34,27,91.76,13,144
2380,Imtiaz Abbasi,51,121,0,0,813,38,6,9.707186189,,155,19,63.86,26,212
2381,Javed Qadeer,42,38,0,0,1000,23,12,180.7071862,,217,21,92.16,38,224
2382,Praful S Mehta,78,113,0,0,790,41,12,157.7071862,,198,29,88.66,6,26
2383,Naeemuddin Aslam,36,107,0,0,619,31,6,50.70718619,,226,68,70.76,15,170
2384,Noor-ul-Haq,26,96,0,0,847,58,6,13.70718619,,223,22,64.66,11,233
2385,Pawan Sarraf,18,87,0,0,1148,18,6,43.70718619,,32,46,69.66,32,187
2386,Michael J D Allingham,54,34,0,0,1053,96,3.67,49.70718619,,80,36,70.66,30,26
2387,Arshad Pervez,65,141,0,0,615,47,5.5,13.70718619,,186,45,64.66,26,60
2388,Dylan Evers Budge,23,44,0,0,1514,9,11,112.7071862,,56,61,80.96,16,55
2389,Philip A Emery,54,45,0,0,1008,13,10.52,133.7071862,,186,57,,8,273
2390,Geoffrey W Humpage,64,115,0,0,763,24,5.5,31.70718619,,132,44,67.66,12,62
2391,John A Maclean,72,38,0,0,798,33,11,46.70718619,,233,5,69.96,31,88
2392,Bharat Reddy,64,77,0,0,992,20,10.52,10.70718619,,252,42,63.96,14,255
2393,John Greig Williamson,50,113,0,0,1032,35,5.5,112.7071862,,86,52,80.96,27,95
2394,Timothy R Ambrose,36,91,0,0,954,34,2.5,3.707186189,,54,45,62.86,2,61
2395,Wasim Jaffer,41,37,0,0,746,23,5,202.7071862,,35,27,95.96,35,143
2396,Abhijit V Kale,45,65,0,0,693,22,10,6.707186189,,166,33,63.16,29,249
2397,Neil J MacRae,46,88,0,0,720,36,5,30.70718619,,133,30,67.16,32,183
2398,Cecil A Marshall,79,56,0,0,672,41,5,58.70718619,,132,14,71.96,29,32
2399,Bruce M W Patterson,54,34,0,0,1004,43,3.33,20.70718619,,100,14,65.76,9,177
2400,Tirumalai E Srinivasan,6,76,0,0,919,35,5,55.70718619,,181,32,71.66,2,132
2401,Fahad Usman,42,135,0,0,731,18,4.5,37.70718619,,44,30,68.66,28,202
2402,Faisal Athar,43,112,0,0,820,38,9,115.7071862,5.064,245,7,81.66,5,95
2403,Mohammad Salim,37,63,0,0,743,24,9,101.7071862,9.71,227,68,79.06,37,241
2404,Vaughn B van Jaarsveld,34,118,0,0,704,15,4.5,67.70718619,6.495,174,25,,13,160
2405,K Hussain Butt,42,2,0,0,731,28,4,127.7071862,3.87,75,23,83.66,2,290
2406,Henry Davids,39,96,0,0,553,24,4,73.70718619,7.03,197,58,74.66,15,197
2407,Pankaj Dharmani,44,118,0,0,542,8,8,7.707186189,,173,9,63.66,29,261
2408,Hafizur Rahman,59,103,0,0,669,24,8,39.70718619,,92,53,68.86,9,16
2409,Monte A Lynch,60,64,0,0,583,32,2.67,43.70718619,,43,55,69.66,27,182
2410,Dudley M Vonhagt,53,130,0,0,867,17,8,81.70718619,,181,54,75.86,10,282
2411,Dhiren M Gondaria,24,116,0,0,1180,45,3.5,37.70718619,,220,71,68.66,22,88
2412,Graham A Manou,39,13,0,0,459,6,7,121.7071862,,213,60,82.66,14,138
2413,Jeffrey K Moss,71,70,0,0,781,16,7,75.70718619,,137,63,74.66,25,142
2414,Nick A Statham,43,49,0,0,666,50,2.33,103.7071862,,204,11,79.66,23,220
2415,Robert F Van Oosterom,50,29,0,0,751,27,7,13.70718619,,32,44,64.66,5,46
2416,Wilfred P Diepeveen,33,105,0,0,855,7,6,153.7071862,,153,42,87.86,27,167
2417,Harilal Shah,75,80,0,0,526,56,2,49.70718619,,12,59,70.66,20,137
2418,Pallemoni Krishnamurthy,28,25,0,0,570,13,6,121.7071862,,148,38,82.66,10,274
2419,Aijaz Ali,50,63,0,0,1005,11,2.5,17.70718619,,132,30,64.66,12,64
2420,Royston T Crandon,35,75,0,0,700,9,5,8.707186189,,213,50,63.76,13,47
2421,Nizel Fernandes,42,97,0,0,1102,13,5,123.7071862,,249,50,82.86,27,138
2422,Ikram Ali Khil,18,46,0,0,1260,10,10.52,31.70718619,,127,9,67.66,34,91
2423,Hamish McLeod,Un,138,0,0,945,10,2.5,73.70718619,,186,18,74.66,14,56
2424,Najeeb Tarakai,28,66,0,0,850,18,5,73.70718619,,75,43,74.66,,293
2425,Naumanullah,43,69,0,0,935,4,5,67.70718619,,11,67,73.66,33,250
2426,Gursharan Singh,55,143,0,0,1051,10,4,7.707186189,,115,68,63.66,39,247
2427,Samuel Daly Heazlett,23,81,0,0,609,11,4,109.7071862,,74,16,80.66,8,100
2428,Jahangir Alam,45,45,0,0,983,22,1.33,31.70718619,,62,29,67.66,17,67
2429,Shahzad Khan,38,72,0,0,981,12,4,79.70718619,,10,13,75.66,30,74
2430,Phillipus J R Steyn,51,10,0,0,903,14,4,199.7071862,,10,36,,21,100
2431,Ramchandra Sudhakar Rao,66,135,0,0,369,14,4,61.70718619,,252,53,72.66,33,265
2432,Shiraz Sumar,,19,0,0,466,11,4,49.70718619,,235,33,70.66,32,121
2433,Vinoo A B Tewarie,27,132,0,0,899,22,4,37.70718619,,117,72,68.66,34,303
2434,Sharad Vesawkar,30,26,0,0,756,15,4,103.7071862,,184,45,79.66,6,304
2435,Ranasinghe P A H Wickramaratne,48,50,0,0,729,6,2,121.7071862,,225,30,82.66,36,105
2436,Rustam A Bhatti,29,27,0,0,972,4,10.52,67.70718619,,182,58,73.66,35,90
2437,Ronald T Hart,57,146,0,0,489,29,3,36.70718619,1.65,197,4,68.16,12,93
2438,Peter D Heyn,73,37,0,0,870,24,1.5,74.70718619,7.36,137,46,74.76,14,131
2439,Courtney K Kruger,30,51,0,0,797,20,1.5,180.7071862,8.16,176,34,92.16,16,271
2440,Mahbubur Rahman,50,140,0,0,461,8,3,43.70718619,4.06,48,50,69.66,23,252
2441,Manimeldura C Mendis,50,37,0,0,365,2,10.52,151.7071862,6.56,24,,87.66,8,186
2442,Darrin J Murray,51,75,0,0,882,17,3,235.7071862,10.5,97,18,101.66,2,141
2443,Mark J Petrie,29,57,0,0,800,18,1.5,24.70718619,9.16,167,54,66.16,29,211
2444,Rodney E Redmond,74,33,0,0,793,11,3,25.70718619,5.064,118,9,66.66,19,13
2445,Sagar Pun,26,34,0,0,433,20,3,139.7071862,9.71,79,34,85.66,14,246
2446,Hilton W R Cartwright,27,134,0,0,1124,23,1,121.7071862,6.495,None,12,82.66,29,139
2447,Fahad Nawaz,None,9,0,0,761,10,1,115.7071862,3.87,137,61,81.66,29,189
2448,Peter G Gillespie,,9,0,0,912,14,0.5,37.70718619,7.03,148,47,68.66,24,166
2449,Aruna A W Gunawardene,49,9,0,0,982,10,2,73.70718619,8.06,84,61,74.66,27,174
2450,Masood Iqbal,31,89,0,0,1067,2,2,160.7071862,8.16,85,22,88.96,24,208
2451,Daniel W O Morgan,45,16,0,0,489,11,1,85.70718619,4.94,138,19,76.66,26,124
2452,Nasir Javed,52,106,0,0,676,19,10.52,103.7071862,8.12,218,57,79.66,5,275
2453,Milton R Pydanna,69,102,0,0,940,3,10.52,109.7071862,4.67,239,47,80.66,30,113
2454,Austin C L Richards,35,40,0,0,892,2,2,23.70718619,7.34,68,58,66.06,33,270
2455,James Norman Knight Shannon,29,52,0,0,858,8,2,115.7071862,2.54,198,31,81.66,20,230
2456,Mithra De S Wettimuny,67,125,0,0,567,11,2,67.70718619,8.65,15,28,73.66,21,25
2457,Davenell F Whatmore,64,None,0,0,628,6,2,79.70718619,3.79,34,43,,30,120
2458,Anguppulige Gamini Dayantha Wickremasinghe,53,116,0,0,748,10,2,57.70718619,8.42,79,8,69.66,12,22
2459,Abdul Rehman,32,0,0,0,606,13,1,103.7071862,9.75,34,64,79.66,31,293
2460,Alawi Shukri,29,0,0,0,437,3,1,55.70718619,15.34,132,66,71.66,9,245
2461,Michael C Cowdrey,4,0,0,0,518,5,1,217.7071862,11.65,50,46,98.66,23,44
2462,Chamara I Dunusinghe,48,0,0,0,693,1,1,67.70718619,9.78,215,37,73.66,21,231
2463,Matthew T G Elliott,47,0,0,0,694,6,1,55.70718619,7.16,220,70,71.66,32,271
2464,Gurdeep Singh,21,60,0,0,1054,23,1,25.70718619,5.68,195,64,66.66,14,259
2465,Sunil A Jayasinghe,20,107,0,0,638,3,1,151.7071862,7.11,206,24,87.66,14,166
2466,Mahmood Hamid,50,None,0,0,609,6,1,72.70718619,9.65,15,12,74.16,16,169
2467,Moniruzzaman,42,2,0,0,846,20,0.5,31.70718619,7.35,239,48,67.66,7,24
2468,Nasim-Ul-Ghani,77,2,0,0,1231,8,1,115.7071862,9.89,92,53,81.66,6,73
2469,Naman V Ojha,35,2,0,0,632,7,1,91.70718619,5.064,164,31,77.66,14,107
2470,Ryan Ramdass,35,2,0,0,805,9,1,91.70718619,9.71,45,36,77.66,30,238
2471,Yunus Badat,,2,0,0,534,7,0.5,61.70718619,6.495,175,34,72.66,5,293
2472,Zafar S Ansari,27,17,0,0,392,0,10.52,31.70718619,3.87,190,29,67.66,31,134
2473,Mark D Bailey,48,58,0,0,640,0,10.52,61.70718619,7.03,242,59,72.66,2,280
2474,Showkat Baksh,78,32,0,0,457,6,0,174.7071862,8.21,118,22,91.16,26,119
2475,Weerahandige Inol Avishka Fernando,20,70,0,0,605,2,0,97.70718619,5.24,21,48,78.66,27,190
2476,Ryan Flannigan,30,25,0,0,679,2,0,103.7071862,6.31,142,26,,11,154
2477,Robert G Hart,44,121,0,0,590,9,0,19.70718619,7.02,45,19,65.66,8,298
2478,Harun-Ur-Rashid,50,15,0,0,643,17,0,61.70718619,9.78,67,11,72.66,11,72
2479,Roy Kaia,27,113,0,0,653,0,10.52,37.70718619,1.65,180,33,68.66,14,189
2480,James Alexander McCollum,23,131,0,0,634,1,0,79.70718619,7.36,24,61,75.66,27,188
2481,Mohibullah Paak,26,42,0,0,444,0,10.52,57.70718619,8.16,183,42,69.66,30,286
2482,Nasir Hameed,49,26,0,0,647,1,0,67.70718619,4.06,65,24,73.66,11,164
2483,Norman M Parker,70,6,0,0,456,3,0,159.7071862,6.56,111,59,88.86,28,220
2484,Nicholas Pooran,23,6,0,0,823,4,0,49.70718619,10.5,47,56,70.66,33,225
2485,Andrew G Puttick,38,6,0,0,518,5,0,79.70718619,9.16,207,60,75.66,28,196
2486,Rafiqul Islam,41,6,0,0,741,5,0,43.70718619,5.064,133,43,69.66,7,86
2487,Darren R Ramsammy,26,6,0,0,411,3,0,31.70718619,9.71,190,62,67.66,24,285
2488,Sayed Ahmad Shirzad,24,6,0,0,524,0,10.52,109.7071862,6.495,31,62,80.66,16,233
2489,Shadab Kabir,41,28,0,0,725,5,0,31.70718619,3.87,99,26,,21,186
2490,Simandeep Singh,23,57,0,0,579,7,0,109.7071862,7.03,30,16,80.66,30,168
2491,Roger W Tolchard,72,139,0,0,870,0,10.52,31.70718619,8.06,156,44,67.66,14,185
2492,Riaan Walters,38,110,0,0,633,5,0,223.7071862,8.16,62,53,99.66,31,194
